study_ID;species;trait;environment;npop;d;mean;d_se;species_trait;maxdist;tg1;tg2;ms;dimension;evals
Andersson_1997_Nigella_degenii_greenhouse;Nigella_degenii;leaf_length;greenhouse;2;0,0488401146603029;15,87;0,0345351762702287;Nigella_degenii_leaf_length;37,423;vegetative;leaf_size;M;linear;1,667
Andersson_1997_Nigella_degenii_greenhouse;Nigella_degenii;nectary_length;greenhouse;2;0,00473266119672066;7,715;0,00334649682525962;Nigella_degenii_nectary_length;37,423;floral;female;M;linear;0,2685
Andersson_1997_Nigella_degenii_greenhouse;Nigella_degenii;peduncle_length;greenhouse;2;0,0114165928294643;1,525;0,00807275020775989;Nigella_degenii_peduncle_length;37,423;floral;peduncle;M;linear;18,6965
Andersson_1997_Nigella_degenii_greenhouse;Nigella_degenii;plant_height;greenhouse;2;0,0126853410468899;314,95;0,0089698906759199;Nigella_degenii_plant_height;37,423;vegetative;plant_size;M;linear;2,714
Andersson_1997_Nigella_degenii_greenhouse;Nigella_degenii;sepal_length;greenhouse;2;0,0132329206527348;13,245;0,00935708792845231;Nigella_degenii_sepal_length;37,423;floral;flowersize;M;linear;0,192
Andersson_1997_Nigella_degenii_greenhouse;Nigella_degenii;stamen_length;greenhouse;2;0,000807048379415618;8,215;0,000570669381830397;Nigella_degenii_stamen_length;37,423;floral;fit;M;linear;0,176
Andersson_Crepis_Crepis_tectorum_greenhouse;Crepis_tectorum;leaf_length;greenhouse;54;0,0169426784793468;83,1611111111111;0,00320186527140555;Crepis_tectorum_leaf_length;2500;vegetative;leaf_size;O;linear;0,581
Andersson_Crepis_Crepis_tectorum_greenhouse;Crepis_tectorum;maximum_leaf_width;greenhouse;54;0,0387779760564484;17,9018518518519;0,00732834864226997;Crepis_tectorum_maximum_leaf_width;2500;vegetative;leaf_size;O;linear;0,628
Andersson_Crepis_Crepis_tectorum_greenhouse;Crepis_tectorum;minimum_leaf_width;greenhouse;54;0,491402123535293;3,7162962962963;0,092866272328816;Crepis_tectorum_minimum_leaf_width;2500;vegetative;leaf_size;O;linear;13
Andersson_Crepis_Crepis_tectorum_greenhouse;Crepis_tectorum;number_of_teeth;greenhouse;54;0,0732050854917615;19,3603703703704;0,0138344607797445;Crepis_tectorum_number_of_teeth;2500;vegetative;leaf_shape;O;count;0,736
Andersson_Crepis_Crepis_tectorum_greenhouse;Crepis_tectorum;tip_distance;greenhouse;54;0,0271943944337659;29,9268518518519;0,0051392574804817;Crepis_tectorum_tip_distance;2500;vegetative;leaf_size;O;linear;0,655
Barrett_&_Shore_1987_Turnera_ulmifolia_greenhouse;Turnera_ulmifolia;flower_diameter;greenhouse;10;0,00603770434788546;42,92;0,00246488247835047;Turnera_ulmifolia_flower_diameter;188;floral;flowersize;S;linear;0,389
Barrett_&_Shore_1987_Turnera_ulmifolia_greenhouse;Turnera_ulmifolia;organ_size;greenhouse;10;2,28121887159578;2,75;0,931303704502881;Turnera_ulmifolia_organ_size;188;floral;herkogamy;S;NA;0,497
Barrett_&_Shore_1987_Turnera_ulmifolia_greenhouse;Turnera_ulmifolia;stamen_length;greenhouse;10;0,0126106762485522;18,24;0,00514828702006468;Turnera_ulmifolia_stamen_length;188;floral;fit;S;linear;0,232
Barrett_&_Shore_1987_Turnera_ulmifolia_greenhouse;Turnera_ulmifolia;style_length;greenhouse;10;0,00966225092149087;20,99;0,00394459742073153;Turnera_ulmifolia_style_length;188;floral;fit;S;linear;0,291
Bartkowska_et_al._2018_Aquilegia_canadensis_field;Aquilegia_canadensis;mean_magnitude;field;7;0,0192496083389227;3,35;0,00907435239442493;Aquilegia_canadensis_mean_magnitude;3,802;floral;herkogamy;M;linear;11,402
Bartkowska_et_al._2018_Aquilegia_canadensis_field;Aquilegia_canadensis;pistil_length;field;7;0,000885155179935799;19,7671428571429;0,000417266153423335;Aquilegia_canadensis_pistil_length;3,802;floral;fit;M;linear;0,44
Bartkowska_et_al._2018_Aquilegia_canadensis_field;Aquilegia_canadensis;sepal_length;field;7;0,000846653491972349;15,1014285714286;0,000399116283659279;Aquilegia_canadensis_sepal_length;3,802;floral;sepal;M;linear;NA
Bartkowska_et_al._2018_Aquilegia_canadensis_field;Aquilegia_canadensis;spur_length;field;7;0,000769284305299489;30,05;0,000362644099291767;Aquilegia_canadensis_spur_length;3,802;floral;fit;M;linear;0,595
Billington_et_al_1988_Holcus_lanatus_greenhouse;Holcus_lanatus;flowering_time;greenhouse;2;0,0280348621942535;29,7;0,019823641167187;Holcus_lanatus_flowering_time;0,5;lifehistory;flowering;O;time;0,0997154685
Billington_et_al_1988_Holcus_lanatus_greenhouse;Holcus_lanatus;inflorescense_number;greenhouse;2;0,00442865582511495;47,85;0,00313153256548009;Holcus_lanatus_inflorescense_number;0,5;floral;display;O;count;5,8233373545
Billington_et_al_1988_Holcus_lanatus_greenhouse;Holcus_lanatus;leaf_width;greenhouse;2;0,00193017911176446;8,05;0,00136484273883328;Holcus_lanatus_leaf_width;0,5;vegetative;leaf_size;O;linear;1,0507770965
Billington_et_al_1988_Holcus_lanatus_greenhouse;Holcus_lanatus;stolon_dry_weight;greenhouse;2;0,0330360924855419;0,665;0,0233600450204326;Holcus_lanatus_stolon_dry_weight;0,5;vegetative;plant_size;O;mass_volume;-30,440375215
Billington_et_al_1988_Holcus_lanatus_greenhouse;Holcus_lanatus;stolon_number;greenhouse;2;0,00433291343330456;25,8;0,00306383247098394;Holcus_lanatus_stolon_number;0,5;vegetative;plant_size;O;count;5,4246647555
Billington_et_al_1988_Holcus_lanatus_greenhouse;Holcus_lanatus;tiller_dry_weight;greenhouse;2;0,00781206127799508;7,53;0,00552396150471517;Holcus_lanatus_tiller_dry_weight;0,5;vegetative;plant_size;O;mass_volume;7,1711443395
Bolstad_et_al._Mexico_Dalechampia_scandens_A_greenhouse;Dalechampia_scandens_A;central_male_flower_diameter;greenhouse;9;0,00323149883845885;2,32333333333333;0,0013779157345235;Dalechampia_scandens_A_central_male_flower_diameter;1060,818;floral;male;M;linear;0,154
Bolstad_et_al._Mexico_Dalechampia_scandens_A_greenhouse;Dalechampia_scandens_A;gland_anther_distance;greenhouse;9;0,00756252001952815;5,35555555555556;0,00322466937123409;Dalechampia_scandens_A_gland_anther_distance;1060,818;floral;fit;M;linear;0,12
Bolstad_et_al._Mexico_Dalechampia_scandens_A_greenhouse;Dalechampia_scandens_A;gland_area;greenhouse;9;0,0536949565132457;24,8722222222222;0,0228956063866147;Dalechampia_scandens_A_gland_area;1060,818;floral;reward;M;area;0,716
Bolstad_et_al._Mexico_Dalechampia_scandens_A_greenhouse;Dalechampia_scandens_A;gland_heigth;greenhouse;9;0,0197139099125185;3,36444444444444;0,00840603943103782;Dalechampia_scandens_A_gland_heigth;1060,818;floral;reward;M;linear;0,305
Bolstad_et_al._Mexico_Dalechampia_scandens_A_greenhouse;Dalechampia_scandens_A;gland_ratio;greenhouse;9;0,00444949895976338;46,3044444444444;0,00189727273129019;Dalechampia_scandens_A_gland_ratio;1060,818;floral;shape;M;ratio;0,18
Bolstad_et_al._Mexico_Dalechampia_scandens_A_greenhouse;Dalechampia_scandens_A;gland_stigma_distance;greenhouse;9;0,0131476561897057;5,53333333333333;0,00560617943608506;Dalechampia_scandens_A_gland_stigma_distance;1060,818;floral;fit;M;linear;0,478
Bolstad_et_al._Mexico_Dalechampia_scandens_A_greenhouse;Dalechampia_scandens_A;gland_width;greenhouse;9;0,00909541891815802;7,24333333333333;0,00387829965781132;Dalechampia_scandens_A_gland_width;1060,818;floral;reward;M;linear;0,105
Bolstad_et_al._Mexico_Dalechampia_scandens_A_greenhouse;Dalechampia_scandens_A;GSD_shape;greenhouse;9;0,00206973797883818;91,36;0,000882539239513428;Dalechampia_scandens_A_GSD_shape;1060,818;floral;shape;M;ratio;0,047
Bolstad_et_al._Mexico_Dalechampia_scandens_A_greenhouse;Dalechampia_scandens_A;lower_bract_length;greenhouse;9;0,0116667343263341;25,3633333333333;0,00497471223181003;Dalechampia_scandens_A_lower_bract_length;1060,818;floral;peduncle;M;linear;0,28
Bolstad_et_al._Mexico_Dalechampia_scandens_A_greenhouse;Dalechampia_scandens_A;lower_bract_ratio;greenhouse;9;0,00189404020519833;102,573333333333;0,000807621457109224;Dalechampia_scandens_A_lower_bract_ratio;1060,818;floral;shape;M;ratio;0,058
Bolstad_et_al._Mexico_Dalechampia_scandens_A_greenhouse;Dalechampia_scandens_A;lower_bract_shape;greenhouse;9;0,000298567584267953;86,05;0,000127309645692984;Dalechampia_scandens_A_lower_bract_shape;1060,818;floral;shape;M;ratio;0,024
Bolstad_et_al._Mexico_Dalechampia_scandens_A_greenhouse;Dalechampia_scandens_A;lower_bract_width;greenhouse;9;0,0120637884539823;24,7788888888889;0,00514401668070313;Dalechampia_scandens_A_lower_bract_width;1060,818;floral;flowersize;M;linear;0,342
Bolstad_et_al._Mexico_Dalechampia_scandens_A_greenhouse;Dalechampia_scandens_A;mean_magnitude;greenhouse;9;0,536454575890599;2,52777777777778;0,228744999744242;Dalechampia_scandens_A_mean_magnitude;1060,818;floral;herkogamy;M;linear;1,908
Bolstad_et_al._Mexico_Dalechampia_scandens_A_greenhouse;Dalechampia_scandens_A;number_of_bractlets;greenhouse;9;0,0365130725692625;13,4377777777778;0,0155692264562223;Dalechampia_scandens_A_number_of_bractlets;1060,818;floral;reward;M;count;1,461
Bolstad_et_al._Mexico_Dalechampia_scandens_A_greenhouse;Dalechampia_scandens_A;SL_shape;greenhouse;9;0,00113722084207651;98,83;0,000484912596370486;Dalechampia_scandens_A_SL_shape;1060,818;floral;shape;M;ratio;0,008
Bolstad_et_al._Mexico_Dalechampia_scandens_A_greenhouse;Dalechampia_scandens_A;stigma_width;greenhouse;9;0,0150962564822317;1,57111111111111;0,00643706539259965;Dalechampia_scandens_A_stigma_width;1060,818;floral;female;M;linear;0,329
Bolstad_et_al._Mexico_Dalechampia_scandens_A_greenhouse;Dalechampia_scandens_A;style_length;greenhouse;9;0,0105995747803765;8,20111111111111;0,00451967387248226;Dalechampia_scandens_A_style_length;1060,818;floral;fit;M;linear;0,483
Bolstad_et_al._Mexico_Dalechampia_scandens_A_greenhouse;Dalechampia_scandens_A;SW_shape;greenhouse;9;0,00180355458421204;93,8077777777778;0,000769038258680903;Dalechampia_scandens_A_SW_shape;1060,818;floral;shape;M;ratio;0,008
Bolstad_et_al._Mexico_Dalechampia_scandens_A_greenhouse;Dalechampia_scandens_A;upper_bract_length;greenhouse;9;0,0120742253564067;23,0155555555556;0,00514846699084996;Dalechampia_scandens_A_upper_bract_length;1060,818;floral;flowersize;M;linear;0,253
Bolstad_et_al._Mexico_Dalechampia_scandens_A_greenhouse;Dalechampia_scandens_A;upper_bract_ratio;greenhouse;9;0,00416757531250942;94,7222222222222;0,00177706008418593;Dalechampia_scandens_A_upper_bract_ratio;1060,818;floral;shape;M;ratio;0,102
Bolstad_et_al._Mexico_Dalechampia_scandens_A_greenhouse;Dalechampia_scandens_A;upper_bract_shape;greenhouse;9;0,00116289887605105;90,4744444444444;0,000495861746846435;Dalechampia_scandens_A_upper_bract_shape;1060,818;floral;shape;M;ratio;0,018
Bolstad_et_al._Mexico_Dalechampia_scandens_A_greenhouse;Dalechampia_scandens_A;upper_bract_width;greenhouse;9;0,00918696780169731;24,3366666666667;0,00391733623291559;Dalechampia_scandens_A_upper_bract_width;1060,818;floral;flowersize;M;linear;0,314
Bonnin_et_al._1997_Medicago_truncatula_greenhouse;Medicago_truncatula;area_of_first_leaf;greenhouse;2;0,0114354031018191;0,53;0,00808605107889799;Medicago_truncatula_area_of_first_leaf;314,643;vegetative;leaf_size;S;area;5,271
Bonnin_et_al._1997_Medicago_truncatula_greenhouse;Medicago_truncatula;breath_of_first_leaf;greenhouse;2;0,00134990723487383;0,77;0,000954528559752064;Medicago_truncatula_breath_of_first_leaf;314,643;vegetative;leaf_size;S;linear;1,7555
Bonnin_et_al._1997_Medicago_truncatula_greenhouse;Medicago_truncatula;daily_growth_of_main_stem;greenhouse;2;4,63455843690069;0,11;3,2771276985378;Medicago_truncatula_daily_growth_of_main_stem;314,643;vegetative;growth;S;ratio;31,935
Bonnin_et_al._1997_Medicago_truncatula_greenhouse;Medicago_truncatula;daily_growth_of_secondary_stems;greenhouse;2;0,10685998986242;1,475;0,075561423469243;Medicago_truncatula_daily_growth_of_secondary_stems;314,643;vegetative;growth;S;ratio;2,9245
Bonnin_et_al._1997_Medicago_truncatula_greenhouse;Medicago_truncatula;date_of_first_flower_bud;greenhouse;2;0,0188370059553744;100,935;0,0133197746482966;Medicago_truncatula_date_of_first_flower_bud;314,643;lifehistory;flowering;S;time;0,183
Bonnin_et_al._1997_Medicago_truncatula_greenhouse;Medicago_truncatula;date_of_first_open_flower;greenhouse;2;0,0191414801579629;105,21;0,0135350704216433;Medicago_truncatula_date_of_first_open_flower;314,643;lifehistory;flowering;S;time;0,165
Bonnin_et_al._1997_Medicago_truncatula_greenhouse;Medicago_truncatula;date_of_first_ripe_pod;greenhouse;2;0,0104909557586838;136,585;0,00741822595809334;Medicago_truncatula_date_of_first_ripe_pod;314,643;lifehistory;fruiting;S;time;0,081
Bonnin_et_al._1997_Medicago_truncatula_greenhouse;Medicago_truncatula;date_of_first_unripe_pod;greenhouse;2;0,0172266720737823;109,085;0,0121810966406484;Medicago_truncatula_date_of_first_unripe_pod;314,643;lifehistory;fruiting;S;time;0,1435
Bonnin_et_al._1997_Medicago_truncatula_greenhouse;Medicago_truncatula;emergence_date_of_cotyledons;greenhouse;2;0,00982577305128897;4,43;0,00694787075496646;Medicago_truncatula_emergence_date_of_cotyledons;314,643;lifehistory;emergence;S;time;1,8085
Bonnin_et_al._1997_Medicago_truncatula_greenhouse;Medicago_truncatula;emergence_date_of_sixth_leaf;greenhouse;2;0,000420138646989084;29,325;0,000297082886324522;Medicago_truncatula_emergence_date_of_sixth_leaf;314,643;lifehistory;emergence;S;time;0,365
Bonnin_et_al._1997_Medicago_truncatula_greenhouse;Medicago_truncatula;length_of_first_leaf;greenhouse;2;0,00178319349667372;0,67;0,00126090821366574;Medicago_truncatula_length_of_first_leaf;314,643;vegetative;leaf_size;S;linear;1,289
Bonnin_et_al._1997_Medicago_truncatula_greenhouse;Medicago_truncatula;length_of_main_stem_62_days_after_planting;greenhouse;2;0,756386398933836;0,84;0,534845951883389;Medicago_truncatula_length_of_main_stem_62_days_after_planting;314,643;vegetative;growth;S;linear;11,598
Bonnin_et_al._1997_Medicago_truncatula_greenhouse;Medicago_truncatula;length_of_main_stem_92_days_after_planting;greenhouse;2;3,16393939154397;4,48;2,23724299902398;Medicago_truncatula_length_of_main_stem_92_days_after_planting;314,643;vegetative;growth;S;linear;16,848
Bonnin_et_al._1997_Medicago_truncatula_greenhouse;Medicago_truncatula;length_of_main_stem_at_flower_bud_stage;greenhouse;2;1,77929906640383;3,57;1,25815443561304;Medicago_truncatula_length_of_main_stem_at_flower_bud_stage;314,643;vegetative;plant_size;S;linear;22,2
Bonnin_et_al._1997_Medicago_truncatula_greenhouse;Medicago_truncatula;length_of_secondary_stem_62_days_after_planting;greenhouse;2;0,00646188158132234;7,485;0,00456924028537748;Medicago_truncatula_length_of_secondary_stem_62_days_after_planting;314,643;vegetative;growth;S;linear;3,055
Bonnin_et_al._1997_Medicago_truncatula_greenhouse;Medicago_truncatula;length_of_secondary_stem_92_days_after_planting;greenhouse;2;0,0858841416914615;57,56;0,0607292589864187;Medicago_truncatula_length_of_secondary_stem_92_days_after_planting;314,643;vegetative;growth;S;linear;2,5945
Bonnin_et_al._1997_Medicago_truncatula_greenhouse;Medicago_truncatula;length_of_secondary_stem_at_flower_bud_stage;greenhouse;2;0,0252439042511733;63,82;0,0178501358796286;Medicago_truncatula_length_of_secondary_stem_at_flower_bud_stage;314,643;vegetative;plant_size;S;linear;1,998
Bonnin_et_al._1997_Medicago_truncatula_greenhouse;Medicago_truncatula;number_of_pods;greenhouse;2;0,0907468293975724;283,97;0,0641676984382022;Medicago_truncatula_number_of_pods;314,643;floral;fitness;S;count;9,886
Bonnin_et_al._1997_Medicago_truncatula_greenhouse;Medicago_truncatula;reproductive_effort;greenhouse;2;0,341698731681154;0,46;0,241617490294586;Medicago_truncatula_reproductive_effort;314,643;floral;allocation;S;ratio;10,0775
Bonnin_et_al._1997_Medicago_truncatula_greenhouse;Medicago_truncatula;reproductive_interval;greenhouse;2;0,000301181009471314;31,375;0,000212967134161776;Medicago_truncatula_reproductive_interval;314,643;lifehistory;reproductive_interval;S;time;0,173
Bonnin_et_al._1997_Medicago_truncatula_greenhouse;Medicago_truncatula;total_weight;greenhouse;2;0,00547517568618862;44,19;0,00387153385589168;Medicago_truncatula_total_weight;314,643;vegetative;plant_size;S;mass_volume;0,4845
Bonnin_et_al._1997_Medicago_truncatula_greenhouse;Medicago_truncatula;weight_of_100_pods;greenhouse;2;0,132987952524375;7,075;0,0940366830461001;Medicago_truncatula_weight_of_100_pods;314,643;floral;fitness;S;mass_volume;0,99
Bonnin_et_al._1997_Medicago_truncatula_greenhouse;Medicago_truncatula;weight_of_dried_pods;greenhouse;2;0,390624058795258;20,915;0,276212920868739;Medicago_truncatula_weight_of_dried_pods;314,643;floral;fitness;S;mass_volume;11,104
Bonnin_et_al._1997_Medicago_truncatula_greenhouse;Medicago_truncatula;weight_of_dried_stems;greenhouse;2;0,158005470001912;23,275;0,11172673930292;Medicago_truncatula_weight_of_dried_stems;314,643;vegetative;plant_size;S;mass_volume;1,959
Campbell_et_al_2018_Ipomopsis_aggregata_field;Ipomopsis_aggregata;anther_position;field;2;3,78505789138242e-05;26,435;2,67644010218017e-05;Ipomopsis_aggregata_anther_position;0,199;floral;fit;O;linear;0,123
Campbell_et_al_2018_Ipomopsis_aggregata_field;Ipomopsis_aggregata;corolla_length;field;2;0,000549000895936618;27,465;0,000388202256394273;Ipomopsis_aggregata_corolla_length;0,199;floral;flowersize;O;linear;0,175
Campbell_et_al_2018_Ipomopsis_aggregata_field;Ipomopsis_aggregata;corolla_width;field;2;0,00289256474428668;3,42;0,00204535214570625;Ipomopsis_aggregata_corolla_width;0,199;floral;flowersize;O;linear;0,192
Campbell_et_al_2018_Ipomopsis_aggregata_x_tenuituba_field;Ipomopsis_aggregata_x_tenuituba;anther_position;field;7;0,00445828278558494;28,6685714285714;0,00210165466008958;Ipomopsis_aggregata_x_tenuituba_anther_position;0,96;floral;fit;NA;linear;NA
Campbell_et_al_2018_Ipomopsis_aggregata_x_tenuituba_field;Ipomopsis_aggregata_x_tenuituba;corolla_length;field;7;0,0101436251424655;33,1071428571429;0,00478175074936782;Ipomopsis_aggregata_x_tenuituba_corolla_length;0,96;floral;flowersize;NA;linear;NA
Campbell_et_al_2018_Ipomopsis_aggregata_x_tenuituba_field;Ipomopsis_aggregata_x_tenuituba;corolla_width;field;7;0,00341024547400046;2,95;0,00160760513345097;Ipomopsis_aggregata_x_tenuituba_corolla_width;0,96;floral;flowersize;NA;linear;NA
Campbell_et_al_2018_Ipomopsis_tenuituba_field;Ipomopsis_tenuituba;anther_position;field;3;3,69388877174582e-05;28,7833333333333;2,33622038840772e-05;Ipomopsis_tenuituba_anther_position;0,0943;floral;fit;NA;linear;NA
Campbell_et_al_2018_Ipomopsis_tenuituba_field;Ipomopsis_tenuituba;corolla_length;field;3;0,000141468803659755;34,24;8,94727274847979e-05;Ipomopsis_tenuituba_corolla_length;0,0943;floral;flowersize;NA;linear;NA
Campbell_et_al_2018_Ipomopsis_tenuituba_field;Ipomopsis_tenuituba;corolla_width;field;3;0,000777257999351063;2,73666666666667;0,000491581121507007;Ipomopsis_tenuituba_corolla_width;0,0943;floral;flowersize;NA;linear;NA
Campbell_unpublished_2019_Ipomopsis_aggregata_field;Ipomopsis_aggregata;anther_position;field;3;0,00204643487984906;27,0066666666667;0,00129427906070721;Ipomopsis_aggregata_anther_position;7,333;floral;fit;O;linear;0,123
Campbell_unpublished_2019_Ipomopsis_aggregata_field;Ipomopsis_aggregata;corolla_length;field;3;0,00189907187017928;26,6433333333333;0,00120107851002442;Ipomopsis_aggregata_corolla_length;7,333;floral;flowersize;O;linear;0,175
Campbell_unpublished_2019_Ipomopsis_aggregata_field;Ipomopsis_aggregata;corolla_width;field;3;0,000242655815436901;3,41;0,00015346901285321;Ipomopsis_aggregata_corolla_width;7,333;floral;flowersize;O;linear;0,192
Campbell_unpublished_2019_Ipomopsis_aggregata_field;Ipomopsis_aggregata;nectar_volume;field;3;0,00179647333901368;2,41666666666667;0,00113618950141021;Ipomopsis_aggregata_nectar_volume;7,333;floral;reward;O;mass_volume;2,039
Carr_&_Fenster_1994_Mimulus_guttatus_greenhouse;Mimulus_guttatus;corolla_length;greenhouse;2;0,00217588227361511;22,14;0,00153858111073684;Mimulus_guttatus_corolla_length;10;floral;flowersize;M;linear;0,7955
Carr_&_Fenster_1994_Mimulus_guttatus_greenhouse;Mimulus_guttatus;corolla_width;greenhouse;2;0,00237386002064984;23,23;0,00167857251818914;Mimulus_guttatus_corolla_width;10;floral;flowersize;M;linear;1,59628571428571
Carr_&_Fenster_1994_Mimulus_guttatus_greenhouse;Mimulus_guttatus;days_to_first_flower;greenhouse;2;0,0244032825833197;46,585;0,0172557265978769;Mimulus_guttatus_days_to_first_flower;10;lifehistory;flowering;M;time;1,561
Carr_&_Fenster_1994_Mimulus_guttatus_greenhouse;Mimulus_guttatus;mean_magnitude;greenhouse;2;2,31386855686069e-05;2,94;1,63615214733053e-05;Mimulus_guttatus_mean_magnitude;10;floral;herkogamy;M;NA;9,6198
Carr_&_Fenster_1994_Mimulus_guttatus_greenhouse;Mimulus_guttatus;ovary_length;greenhouse;2;0,000119263547621882;5,18;8,43320632717978e-05;Mimulus_guttatus_ovary_length;10;floral;female;M;linear;1,12133333333333
Carr_&_Fenster_1994_Mimulus_guttatus_greenhouse;Mimulus_guttatus;pistil_length;greenhouse;2;0,00165081484258091;18,975;0,00116730236967236;Mimulus_guttatus_pistil_length;10;floral;fit;M;linear;0,5905
Carr_&_Fenster_1994_Mimulus_guttatus_greenhouse;Mimulus_guttatus;stamen_height_high;greenhouse;2;0,00243370078431259;16,06;0,00172088632796645;Mimulus_guttatus_stamen_height_high;10;floral;fit;M;linear;0,826
Carr_&_Fenster_1994_Mimulus_guttatus_greenhouse;Mimulus_guttatus;stamen_height_low;greenhouse;2;0,00399012263570938;13,89;0,00282144277347604;Mimulus_guttatus_stamen_height_low;10;floral;fit;M;linear;0,8175
Carr_&_Fenster_1994_Mimulus_guttatus_greenhouse;Mimulus_guttatus;style_length;greenhouse;2;0,00316184626416446;13,84;0,00223576293446004;Mimulus_guttatus_style_length;10;floral;fit;M;linear;0,566
Carr_&_Fenster_1994_Mimulus_micranthus_greenhouse;Mimulus_micranthus;corolla_length;greenhouse;2;0,0136698875950307;8,85;0,00966607021650408;Mimulus_micranthus_corolla_length;68,251;floral;flowersize;S;linear;0,19
Carr_&_Fenster_1994_Mimulus_micranthus_greenhouse;Mimulus_micranthus;corolla_width;greenhouse;2;0,0318441476915465;7,25;0,0225172127737985;Mimulus_micranthus_corolla_width;68,251;floral;flowersize;S;linear;0,33275
Carr_&_Fenster_1994_Mimulus_micranthus_greenhouse;Mimulus_micranthus;days_to_first_flower;greenhouse;2;0,0236303428357802;43,825;0,0167091756609431;Mimulus_micranthus_days_to_first_flower;68,251;lifehistory;flowering;S;time;0,7315
Carr_&_Fenster_1994_Mimulus_micranthus_greenhouse;Mimulus_micranthus;ovary_length;greenhouse;2;0,0322410065182724;3,88;0,0227978343413501;Mimulus_micranthus_ovary_length;68,251;floral;female;S;linear;0,0475
Carr_&_Fenster_1994_Mimulus_micranthus_greenhouse;Mimulus_micranthus;pistil_length;greenhouse;2;0,0118812160456029;5,85;0,00840128843458824;Mimulus_micranthus_pistil_length;68,251;floral;fit;S;linear;0,0845
Carr_&_Fenster_1994_Mimulus_micranthus_greenhouse;Mimulus_micranthus;stamen_height_high;greenhouse;2;0,00939702352912767;7,525;0,00664469906041572;Mimulus_micranthus_stamen_height_high;68,251;floral;fit;S;linear;0,1375
Carr_&_Fenster_1994_Mimulus_micranthus_greenhouse;Mimulus_micranthus;stamen_height_low;greenhouse;2;0,00832880710793455;6,595;0,00588935598521523;Mimulus_micranthus_stamen_height_low;68,251;floral;fit;S;linear;0,2115
Carr_&_Fenster_1994_Mimulus_micranthus_greenhouse;Mimulus_micranthus;style_length;greenhouse;2;0,000824777705986869;1,97;0,0005832059088748;Mimulus_micranthus_style_length;68,251;floral;fit;S;linear;0,1365
Carter_&_Murdy_1986_Talinum_mengesii_greenhouse;Talinum_mengesii;ovule_number;greenhouse;10;0,0367335367665482;44,345;0,0149964035876348;Talinum_mengesii_ovule_number;214;floral;fecundity;M;count;3,084
Carter_&_Murdy_1986_Talinum_mengesii_greenhouse;Talinum_mengesii;petal_length;greenhouse;10;0,00710515453373335;9,199;0,00290066719187821;Talinum_mengesii_petal_length;214;floral;flowersize;M;linear;0,543
Carter_&_Murdy_1986_Talinum_mengesii_greenhouse;Talinum_mengesii;petal_width;greenhouse;10;0,0152949952082427;5,849;0,00624415564641805;Talinum_mengesii_petal_width;214;floral;flowersize;M;linear;1,008
Carter_&_Murdy_1986_Talinum_mengesii_greenhouse;Talinum_mengesii;stamen_number;greenhouse;10;0,00685205951965276;61,845;0,00279734158505488;Talinum_mengesii_stamen_number;214;floral;male;M;count;0,45
Carter_&_Murdy_1986_Talinum_mengesii_greenhouse;Talinum_mengesii;style_length;greenhouse;10;0,0299937698072621;4,988;0,0122449052483814;Talinum_mengesii_style_length;214;floral;fit;M;linear;1,41
Caruso_2000_Ipomopsis_aggregata_field;Ipomopsis_aggregata;corolla_length;field;7;0,00145936481181071;24,2814285714286;0,000687951169770922;Ipomopsis_aggregata_corolla_length;3,5;floral;flowersize;O;linear;0,175
Caruso_2000_Ipomopsis_aggregata_field;Ipomopsis_aggregata;corolla_width;field;7;0,00342582111024834;2,85142857142857;0,00161494755879242;Ipomopsis_aggregata_corolla_width;3,5;floral;flowersize;O;linear;0,192
Caruso_2000_Ipomopsis_aggregata_field;Ipomopsis_aggregata;flower_number;field;7;0,0879644736484756;64,8871428571429;0,041466850546895;Ipomopsis_aggregata_flower_number;3,5;floral;display;O;count;NA
Caruso_2000_Ipomopsis_aggregata_field;Ipomopsis_aggregata;nectar_volume;field;7;0,0234383127224629;2,71142857142857;0,011048926577083;Ipomopsis_aggregata_nectar_volume;3,5;floral;reward;O;mass_volume;2,039
Caruso_2000_Ipomopsis_aggregata_field;Ipomopsis_aggregata;proportion_pistillate;field;7;0,0114932715075767;0,588571428571429;0,00541798014735042;Ipomopsis_aggregata_proportion_pistillate;3,5;floral;ontogeny;O;ratio;0,988
Caruso_2001_Ipomopsis_aggregata_field;Ipomopsis_aggregata;corolla_length;field;5;0,000653112397289924;36,784;0,000349103260816211;Ipomopsis_aggregata_corolla_length;3;floral;flowersize;O;linear;0,175
Caruso_2001_Ipomopsis_aggregata_field;Ipomopsis_aggregata;corolla_width;field;5;0,00116460848071134;2,446;0,000622509417793309;Ipomopsis_aggregata_corolla_width;3;floral;flowersize;O;linear;0,192
Caruso_2001_Ipomopsis_aggregata_field;Ipomopsis_aggregata;flower_number;field;5;0,0776868517861619;69,61;0,0415253689772721;Ipomopsis_aggregata_flower_number;3;floral;display;O;count;NA
Caruso_2001_Ipomopsis_aggregata_field;Ipomopsis_aggregata;nectar_volume;field;5;0,0153415265528706;3,568;0,00820039087870525;Ipomopsis_aggregata_nectar_volume;3;floral;reward;O;mass_volume;2,039
Caruso_2004_Lobelia_siphilitica_greenhouse;Lobelia_siphilitica;corolla_lobe_length;greenhouse;2;0,00377990979545185;13,58;0,00267279984863746;Lobelia_siphilitica_corolla_lobe_length;7,204;floral;flowersize;M;linear;0,7945
Caruso_2004_Lobelia_siphilitica_greenhouse;Lobelia_siphilitica;corolla_lobe_width;greenhouse;2;1,41947831806045e-06;5,935;1,00372274444782e-06;Lobelia_siphilitica_corolla_lobe_width;7,204;floral;flowersize;M;linear;0,5535
Caruso_2004_Lobelia_siphilitica_greenhouse;Lobelia_siphilitica;corolla_tube_length;greenhouse;2;0,000707229427799811;17,285;0,000500086724251928;Lobelia_siphilitica_corolla_tube_length;7,204;floral;fit;M;linear;0,2805
Caruso_2004_Lobelia_siphilitica_greenhouse;Lobelia_siphilitica;corolla_tube_width;greenhouse;2;5,89832609953208e-05;6,445;4,17074638262873e-05;Lobelia_siphilitica_corolla_tube_width;7,204;floral;fit;M;linear;1,0695
Caruso_2004_Lobelia_siphilitica_greenhouse;Lobelia_siphilitica;flower_number;greenhouse;2;0,000432837939655025;86,675;0,000306062642284882;Lobelia_siphilitica_flower_number;7,204;floral;display;M;count;4,9795
Caruso_2004_Lobelia_siphilitica_greenhouse;Lobelia_siphilitica;stigma_nectary_distance;greenhouse;2;0,000663545920314441;23,61;0,00046919781988301;Lobelia_siphilitica_stigma_nectary_distance;7,204;floral;fit;M;linear;0,209
Caruso_2012_Lobelia_siphilitica_greenhouse;Lobelia_siphilitica;chlorophyll_cons;greenhouse;10;0,0034798793633563;34,202;0,00142065480111068;Lobelia_siphilitica_chlorophyll_cons;1128,808;physiological;leaf_physiology;M;ratio;0,8828
Caruso_2012_Lobelia_siphilitica_greenhouse;Lobelia_siphilitica;corolla_lobe_length;greenhouse;10;0,0109724584109477;11,837;0,00447948738845523;Lobelia_siphilitica_corolla_lobe_length;1128,808;floral;flowersize;M;linear;0,7945
Caruso_2012_Lobelia_siphilitica_greenhouse;Lobelia_siphilitica;corolla_lobe_width;greenhouse;10;0,00706277413504963;5,301;0,0028833654665664;Lobelia_siphilitica_corolla_lobe_width;1128,808;floral;flowersize;M;linear;0,5535
Caruso_2012_Lobelia_siphilitica_greenhouse;Lobelia_siphilitica;corolla_tube_length;greenhouse;10;0,00690449908785574;15,4;0,00281874994912641;Lobelia_siphilitica_corolla_tube_length;1128,808;floral;fit;M;linear;0,2805
Caruso_2012_Lobelia_siphilitica_greenhouse;Lobelia_siphilitica;corolla_tube_width;greenhouse;10;0,00879685566504826;6,382;0,0035913012867133;Lobelia_siphilitica_corolla_tube_width;1128,808;floral;fit;M;linear;1,0695
Caruso_2012_Lobelia_siphilitica_greenhouse;Lobelia_siphilitica;flower_number;greenhouse;10;0,00935081412668794;62,467;0,00381745388166569;Lobelia_siphilitica_flower_number;1128,808;floral;display;M;count;4,9795
Caruso_2012_Lobelia_siphilitica_greenhouse;Lobelia_siphilitica;leaf_dry_mass;greenhouse;10;0,0345867193552039;0,096;0,0141199690495154;Lobelia_siphilitica_leaf_dry_mass;1128,808;vegetative;leaf_size;NA;mass_volume;NA
Caruso_2012_Lobelia_siphilitica_greenhouse;Lobelia_siphilitica;SLA;greenhouse;10;0,0292270140254516;0,028;0,011931878511254;Lobelia_siphilitica_SLA;1128,808;vegetative;functional;M;ratio;5,957
Caruso_etal_2003_Lobelia_cardinalis_field;Lobelia_cardinalis;corolla_lobe_length;field;3;0,00918250222050255;18,8366666666667;0,00580752432726835;Lobelia_cardinalis_corolla_lobe_length;5,928;NA;NA;NA;linear;NA
Caruso_etal_2003_Lobelia_cardinalis_field;Lobelia_cardinalis;corolla_lobe_width;field;3;0,0314272098944155;4,58;0,0198763127541065;Lobelia_cardinalis_corolla_lobe_width;5,928;NA;NA;NA;linear;NA
Caruso_etal_2003_Lobelia_cardinalis_field;Lobelia_cardinalis;corolla_tube_length;field;3;0,00167838043894168;19,8633333333333;0,00106150099346577;Lobelia_cardinalis_corolla_tube_length;5,928;NA;NA;NA;linear;NA
Caruso_etal_2003_Lobelia_cardinalis_field;Lobelia_cardinalis;corolla_tube_width;field;3;0,00236344226378635;2,57666666666667;0,00149477213437387;Lobelia_cardinalis_corolla_tube_width;5,928;NA;NA;NA;linear;NA
Caruso_etal_2003_Lobelia_cardinalis_field;Lobelia_cardinalis;flower_number;field;3;0,0201123558507836;25,7233333333333;0,012720170720058;Lobelia_cardinalis_flower_number;5,928;NA;NA;NA;count;NA
Caruso_etal_2003_Lobelia_cardinalis_field;Lobelia_cardinalis;stigma_exsertion;field;3;0,00136942836865607;15,95;0,000866102547480382;Lobelia_cardinalis_stigma_exsertion;5,928;NA;NA;NA;linear;NA
Caruso_etal_2003_Lobelia_cardinalis_field;Lobelia_cardinalis;stigma_nectary_distance;field;3;0,00139549973292404;35,8666666666667;0,000882591526039329;Lobelia_cardinalis_stigma_nectary_distance;5,928;NA;NA;NA;linear;NA
Caruso_etal_2003_Lobelia_siphilitica_field;Lobelia_siphilitica;corolla_lobe_length;field;3;0,00526531561013379;11,48;0,00333007798553239;Lobelia_siphilitica_corolla_lobe_length;7,343;floral;flowersize;M;linear;0,7945
Caruso_etal_2003_Lobelia_siphilitica_field;Lobelia_siphilitica;corolla_lobe_width;field;3;0,00237735206275987;5,05;0,00150356946368415;Lobelia_siphilitica_corolla_lobe_width;7,343;floral;flowersize;M;linear;0,5535
Caruso_etal_2003_Lobelia_siphilitica_field;Lobelia_siphilitica;corolla_tube_length;field;3;0,00116025076790378;16,35;0,000733807016707066;Lobelia_siphilitica_corolla_tube_length;7,343;floral;fit;M;linear;0,2805
Caruso_etal_2003_Lobelia_siphilitica_field;Lobelia_siphilitica;corolla_tube_width;field;3;0,00202291981765841;5,33666666666667;0,00127940682953862;Lobelia_siphilitica_corolla_tube_width;7,343;floral;fit;M;linear;1,0695
Caruso_etal_2003_Lobelia_siphilitica_field;Lobelia_siphilitica;flower_number;field;3;0,15751575772725;34,01;0,0996217123570755;Lobelia_siphilitica_flower_number;7,343;floral;display;M;count;4,9795
Caruso_etal_2003_Lobelia_siphilitica_field;Lobelia_siphilitica;stigma_exsertion;field;3;0,00729107221259584;5,27333333333333;0,00461127895531325;Lobelia_siphilitica_stigma_exsertion;7,343;NA;NA;NA;linear;NA
Caruso_etal_2003_Lobelia_siphilitica_field;Lobelia_siphilitica;stigma_nectary_distance;field;3;6,63921475742195e-05;21,6033333333333;4,19900810169113e-05;Lobelia_siphilitica_stigma_nectary_distance;7,343;floral;fit;M;linear;0,209
Charlesworth_&_Mayer_1995_Collinsia_heterophylla_greenhouse;Collinsia_heterophylla;flower_number;greenhouse;4;0,0362827218804909;27,89;0,0209478392446337;Collinsia_heterophylla_flower_number;112,212;floral;display;M;count;7,76333333333333
Charlesworth_&_Mayer_1995_Collinsia_heterophylla_greenhouse;Collinsia_heterophylla;height_one_week;greenhouse;4;0,026362882161775;15,1625;0,0152206171127152;Collinsia_heterophylla_height_one_week;112,212;vegetative;growth;M;linear;6,0225
Charlesworth_&_Mayer_1995_Collinsia_heterophylla_greenhouse;Collinsia_heterophylla;height_ten_weeks;greenhouse;4;0,0426631995414685;211,075;0,0246316097397576;Collinsia_heterophylla_height_ten_weeks;112,212;vegetative;growth;M;linear;7,325
Charlesworth_&_Mayer_1995_Collinsia_heterophylla_greenhouse;Collinsia_heterophylla;ovule_number;greenhouse;4;0,0103147817459633;13,6125;0,00595524201766414;Collinsia_heterophylla_ovule_number;112,212;floral;fecundity;M;count;1,3475
Charlesworth_&_Mayer_1995_Collinsia_heterophylla_greenhouse;Collinsia_heterophylla;secondary_branch_number;greenhouse;4;0,0591935902250282;12,09;0,0341754352507204;Collinsia_heterophylla_secondary_branch_number;112,212;vegetative;plant_size;M;count;10,2525
Colautti_&_Barrett_2011_Lythrum_salicaria_greenhouse;Lythrum_salicaria;days_to_first_flower;greenhouse;20;0,0122105881044639;77,303;0,00368163083746215;Lythrum_salicaria_days_to_first_flower;1200;lifehistory;flowering;O;time;1,629
Colautti_&_Barrett_2011_Lythrum_salicaria_greenhouse;Lythrum_salicaria;final_inflorescence_biomass;greenhouse;20;0,107914954713021;1,6835;0,0325375830955715;Lythrum_salicaria_final_inflorescence_biomass;1200;floral;display;O;mass_volume;10,944
Colautti_&_Barrett_2011_Lythrum_salicaria_greenhouse;Lythrum_salicaria;final_vegetative_biomass;greenhouse;20;0,189089501524557;3,358;0,0570126298502083;Lythrum_salicaria_final_vegetative_biomass;1200;vegetative;plant_size;O;mass_volume;10,92
Colautti_&_Barrett_2011_Lythrum_salicaria_greenhouse;Lythrum_salicaria;height_at_transplant;greenhouse;20;0,036151820715628;35,747;0,0109001840729033;Lythrum_salicaria_height_at_transplant;1200;vegetative;growth;O;linear;6,03
Colautti_&_Barrett_2011_Lythrum_salicaria_greenhouse;Lythrum_salicaria;height_at_week_2;greenhouse;20;0,0197863577485512;18,0915;0,00596581132906233;Lythrum_salicaria_height_at_week_2;1200;vegetative;growth;O;linear;1,838
Colautti_&_Barrett_2011_Lythrum_salicaria_greenhouse;Lythrum_salicaria;height_at_week_4;greenhouse;20;0,012632465767966;40,217;0,00380883173903199;Lythrum_salicaria_height_at_week_4;1200;vegetative;growth;O;linear;1,65
Colautti_&_Barrett_2011_Lythrum_salicaria_greenhouse;Lythrum_salicaria;inflorescence_length_at_harvest;greenhouse;20;0,0435951426114667;63,582;0,0131444300658427;Lythrum_salicaria_inflorescence_length_at_harvest;1200;floral;display;O;linear;2,908
Colautti_&_Barrett_2011_Lythrum_salicaria_greenhouse;Lythrum_salicaria;inflorescence_length_at_maturity;greenhouse;20;0,0148795358789375;12,586;0,00448634886955151;Lythrum_salicaria_inflorescence_length_at_maturity;1200;floral;display;O;linear;2,327
Colautti_&_Barrett_2011_Lythrum_salicaria_greenhouse;Lythrum_salicaria;leaf_area_at_transplant;greenhouse;20;0,0405331148401169;428,167;0,0122211939553685;Lythrum_salicaria_leaf_area_at_transplant;1200;vegetative;growth;O;area;6,357
Colautti_&_Barrett_2011_Lythrum_salicaria_greenhouse;Lythrum_salicaria;stem_width_at_maturity;greenhouse;20;0,019175586829639;2,8735;0,0057816569680721;Lythrum_salicaria_stem_width_at_maturity;1200;vegetative;plant_size;O;linear;1,614
Colautti_&_Barrett_2011_Lythrum_salicaria_greenhouse;Lythrum_salicaria;vegetative_size_at_harvest;greenhouse;20;0,0625102871141357;58,4155;0,0188475607177251;Lythrum_salicaria_vegetative_size_at_harvest;1200;vegetative;plant_size;O;linear;4,694
Colautti_&_Barrett_2011_Lythrum_salicaria_greenhouse;Lythrum_salicaria;vegetative_size_at_maturity;greenhouse;20;0,057517470652889;61,6775;0,0173421699132646;Lythrum_salicaria_vegetative_size_at_maturity;1200;vegetative;plant_size;O;linear;4,438
Delesalle_&_Mazer_1995_Spergularia_marina_greenhouse;Spergularia_marina;anther_number;greenhouse;4;0,00789765253016812;3,9;0,00455971181425869;Spergularia_marina_anther_number;28,524;floral;fecundity;S;count;2,28925
Delesalle_&_Mazer_1995_Spergularia_marina_greenhouse;Spergularia_marina;anther_ovule_ratio;greenhouse;4;0,00715261494815058;37;0,00412956416572448;Spergularia_marina_anther_ovule_ratio;28,524;floral;allocation;S;ratio;3,359
Delesalle_&_Mazer_1995_Spergularia_marina_greenhouse;Spergularia_marina;ovule_number;greenhouse;4;0,000679734415354533;106,025;0,000392444847682392;Spergularia_marina_ovule_number;28,524;floral;fecundity;S;count;0,712
Delesalle_&_Mazer_1995_Spergularia_marina_greenhouse;Spergularia_marina;petal_number;greenhouse;4;0,0175623708050587;3,25;0,0101396395119087;Spergularia_marina_petal_number;28,524;floral;flowersize;S;count;6,397
Delesalle_&_Mazer_1995_Spergularia_marina_greenhouse;Spergularia_marina;petal_size;greenhouse;4;0,00278086421599015;4,85;0,00160553270368171;Spergularia_marina_petal_size;28,524;floral;flowersize;S;area;2,349
Delesalle_&_Mazer_1995_Spergularia_marina_greenhouse;Spergularia_marina;pollen_grains;greenhouse;4;0,0094830503417028;5714,75;0,00547504166752088;Spergularia_marina_pollen_grains;28,524;floral;fecundity;S;count;4,66575
Delesalle_&_Mazer_1995_Spergularia_marina_greenhouse;Spergularia_marina;pollen_size;greenhouse;4;0,00307549490006161;3544,25;0,00177563780844189;Spergularia_marina_pollen_size;28,524;floral;fecundity;S;mass_volume;0,59725
Delesalle_&_Mazer_1995_Spergularia_marina_greenhouse;Spergularia_marina;seed_mass;greenhouse;4;0,00473289631834801;36;0,00273253896344481;Spergularia_marina_seed_mass;28,524;floral;fitness;S;mass_volume;5,77
Delesalle_&_Mazer_1995_Spergularia_marina_greenhouse;Spergularia_marina;seed_number;greenhouse;4;0,000309544322730428;93,95;0,000178715498054533;Spergularia_marina_seed_number;28,524;floral;fitness;S;count;2,08575
Elle_1998_Solanum_carolinense_greenhouse;Solanum_carolinense;anther_length;greenhouse;3;0,00769398100259417;8,00333333333333;0,00486610084845269;Solanum_carolinense_anther_length;36,423;floral;fit;O;linear;0,369666666666667
Elle_1998_Solanum_carolinense_greenhouse;Solanum_carolinense;anther_width;greenhouse;3;0,00277613146213725;2,13;0,00175577970088144;Solanum_carolinense_anther_width;36,423;floral;male;O;linear;2,01433333333333
Elle_1998_Solanum_carolinense_greenhouse;Solanum_carolinense;corolla_width;greenhouse;3;0,00194355751802052;30,96;0,00122921370409772;Solanum_carolinense_corolla_width;36,423;floral;flowersize;O;linear;0,393666666666667
Elle_1998_Solanum_carolinense_greenhouse;Solanum_carolinense;flower_number;greenhouse;3;0,295426713673018;22,2833333333333;0,186844259373029;Solanum_carolinense_flower_number;36,423;floral;display;O;count;7,90966666666667
Elle_1998_Solanum_carolinense_greenhouse;Solanum_carolinense;pistil_length;greenhouse;3;0,00113137378421013;11,5566666666667;0,000715543608621572;Solanum_carolinense_pistil_length;36,423;floral;fit;O;linear;0,618
Fenster_&_Carr_1997_Mimulus_guttatus_greenhouse;Mimulus_guttatus;corolla_width;greenhouse;2;0,00152438801125518;23,55;0,00107790509991801;Mimulus_guttatus_corolla_width;10;floral;flowersize;M;linear;1,59628571428571
Fenster_&_Carr_1997_Mimulus_guttatus_greenhouse;Mimulus_guttatus;ovule_number;greenhouse;2;0,0159179605669414;1119,95;0,0112556978595443;Mimulus_guttatus_ovule_number;10;floral;fecundity;M;count;5,257
Fenster_&_Carr_1997_Mimulus_guttatus_greenhouse;Mimulus_guttatus;pollen_number;greenhouse;2;0,0171850666992576;16972,6;0,0121516771981881;Mimulus_guttatus_pollen_number;10;floral;fecundity;M;count;9,749
Fenster_&_Carr_1997_Mimulus_guttatus_greenhouse;Mimulus_guttatus;pollen_size;greenhouse;2;0,000345001989726469;26,65;0,000243953246458438;Mimulus_guttatus_pollen_size;10;floral;male;M;linear;0,0095
Fenster_&_Carr_1997_Mimulus_micranthus_greenhouse;Mimulus_micranthus;corolla_width;greenhouse;2;0,0307113820694692;7,3;0,0217162265209326;Mimulus_micranthus_corolla_width;68,251;floral;flowersize;S;linear;0,33275
Fenster_&_Carr_1997_Mimulus_micranthus_greenhouse;Mimulus_micranthus;ovule_number;greenhouse;2;0,0686942544652373;836,35;0,0485741731609236;Mimulus_micranthus_ovule_number;68,251;floral;fecundity;S;count;3,206
Fenster_&_Carr_1997_Mimulus_micranthus_greenhouse;Mimulus_micranthus;pollen_number;greenhouse;2;0,0952596596206917;3490;0,0673587512913135;Mimulus_micranthus_pollen_number;68,251;floral;fecundity;S;count;0
Fenster_&_Carr_1997_Mimulus_micranthus_greenhouse;Mimulus_micranthus;pollen_size;greenhouse;2;4,13228832364819e-05;22;2,92196909546962e-05;Mimulus_micranthus_pollen_size;68,251;floral;male;S;linear;0,011
Hansen_et_al._2003_Dalechampia_scandens_A_greenhouse;Dalechampia_scandens_A;central_male_flower_diameter;greenhouse;3;0,0139110601070596;2,6;0,00879812692116285;Dalechampia_scandens_A_central_male_flower_diameter;2682,584;floral;male;M;linear;0,154
Hansen_et_al._2003_Dalechampia_scandens_A_greenhouse;Dalechampia_scandens_A;gland_anther_distance;greenhouse;3;0,0460854174978892;4,30333333333333;0,0291469772426216;Dalechampia_scandens_A_gland_anther_distance;2682,584;floral;fit;M;linear;0,12
Hansen_et_al._2003_Dalechampia_scandens_A_greenhouse;Dalechampia_scandens_A;gland_area;greenhouse;3;0,131463738921101;16,8533333333333;0,0831449689424811;Dalechampia_scandens_A_gland_area;2682,584;floral;reward;M;area;0,716
Hansen_et_al._2003_Dalechampia_scandens_A_greenhouse;Dalechampia_scandens_A;gland_depth;greenhouse;3;0,0319769656967744;2,94;0,0202240088525761;Dalechampia_scandens_A_gland_depth;2682,584;floral;reward;M;linear;0,342
Hansen_et_al._2003_Dalechampia_scandens_A_greenhouse;Dalechampia_scandens_A;gland_heigth;greenhouse;3;0,0457014218897031;2,60333333333333;0,0289041170959476;Dalechampia_scandens_A_gland_heigth;2682,584;floral;reward;M;linear;0,305
Hansen_et_al._2003_Dalechampia_scandens_A_greenhouse;Dalechampia_scandens_A;gland_ratio;greenhouse;3;0,00447454890907207;41,3066666666667;0,00282995321089788;Dalechampia_scandens_A_gland_ratio;2682,584;floral;shape;M;ratio;0,18
Hansen_et_al._2003_Dalechampia_scandens_A_greenhouse;Dalechampia_scandens_A;gland_stigma_distance;greenhouse;3;0,0098712651083176;4,57666666666667;0,00624313622592647;Dalechampia_scandens_A_gland_stigma_distance;2682,584;floral;fit;M;linear;0,478
Hansen_et_al._2003_Dalechampia_scandens_A_greenhouse;Dalechampia_scandens_A;gland_width;greenhouse;3;0,0216992425425022;6,26;0,013723805986946;Dalechampia_scandens_A_gland_width;2682,584;floral;reward;M;linear;0,105
Hansen_et_al._2003_Dalechampia_scandens_A_greenhouse;Dalechampia_scandens_A;GSD_shape;greenhouse;3;0,000159931399648905;86,4133333333333;0,000101149498453838;Dalechampia_scandens_A_GSD_shape;2682,584;floral;shape;M;ratio;0,047
Hansen_et_al._2003_Dalechampia_scandens_A_greenhouse;Dalechampia_scandens_A;lower_bract_length;greenhouse;3;0,0100429444951992;19,15;0,00635171580389591;Dalechampia_scandens_A_lower_bract_length;2682,584;floral;peduncle;M;linear;0,28
Hansen_et_al._2003_Dalechampia_scandens_A_greenhouse;Dalechampia_scandens_A;lower_bract_ratio;greenhouse;3;0,0134531429840252;100,72;0,0085085147034868;Dalechampia_scandens_A_lower_bract_ratio;2682,584;floral;shape;M;ratio;0,058
Hansen_et_al._2003_Dalechampia_scandens_A_greenhouse;Dalechampia_scandens_A;lower_bract_shape;greenhouse;3;0,00241531463840827;83,62;0,00152757910466323;Dalechampia_scandens_A_lower_bract_shape;2682,584;floral;shape;M;ratio;0,024
Hansen_et_al._2003_Dalechampia_scandens_A_greenhouse;Dalechampia_scandens_A;lower_bract_width;greenhouse;3;0,0362048161127724;19,43;0,0228979362367849;Dalechampia_scandens_A_lower_bract_width;2682,584;floral;flowersize;M;linear;0,342
Hansen_et_al._2003_Dalechampia_scandens_A_greenhouse;Dalechampia_scandens_A;mean_magnitude;greenhouse;3;0,0166882795688004;3,78;0,0105545947334124;Dalechampia_scandens_A_mean_magnitude;2682,584;floral;herkogamy;M;linear;1,908
Hansen_et_al._2003_Dalechampia_scandens_A_greenhouse;Dalechampia_scandens_A;number_of_bractlets;greenhouse;3;0,00145822581931245;20,9733333333333;0,000922262986378498;Dalechampia_scandens_A_number_of_bractlets;2682,584;floral;reward;M;count;1,461
Hansen_et_al._2003_Dalechampia_scandens_A_greenhouse;Dalechampia_scandens_A;peduncle_length;greenhouse;3;0,208115407657635;2,94666666666667;0,131623740874515;Dalechampia_scandens_A_peduncle_length;2682,584;floral;peduncle;M;linear;0,981
Hansen_et_al._2003_Dalechampia_scandens_A_greenhouse;Dalechampia_scandens_A;SL_shape;greenhouse;3;0,00014405260326793;95,51;9,11068658406545e-05;Dalechampia_scandens_A_SL_shape;2682,584;floral;shape;M;ratio;0,008
Hansen_et_al._2003_Dalechampia_scandens_A_greenhouse;Dalechampia_scandens_A;stigma_width;greenhouse;3;0,0158786752399965;1,22;0,0100425559969019;Dalechampia_scandens_A_stigma_width;2682,584;floral;female;M;linear;0,329
Hansen_et_al._2003_Dalechampia_scandens_A_greenhouse;Dalechampia_scandens_A;style_length;greenhouse;3;0,0112885767212332;6,08;0,00713952279613052;Dalechampia_scandens_A_style_length;2682,584;floral;fit;M;linear;0,483
Hansen_et_al._2003_Dalechampia_scandens_A_greenhouse;Dalechampia_scandens_A;SW_shape;greenhouse;3;0,000792942308504171;95,5933333333333;0,000501500749597017;Dalechampia_scandens_A_SW_shape;2682,584;floral;shape;M;ratio;0,008
Hansen_et_al._2003_Dalechampia_scandens_A_greenhouse;Dalechampia_scandens_A;upper_bract_length;greenhouse;3;0,00422450309718127;18,6566666666667;0,00267181035390569;Dalechampia_scandens_A_upper_bract_length;2682,584;floral;flowersize;M;linear;0,253
Hansen_et_al._2003_Dalechampia_scandens_A_greenhouse;Dalechampia_scandens_A;upper_bract_ratio;greenhouse;3;0,0141333880059235;96,8033333333333;0,00893873943072471;Dalechampia_scandens_A_upper_bract_ratio;2682,584;floral;shape;M;ratio;0,102
Hansen_et_al._2003_Dalechampia_scandens_A_greenhouse;Dalechampia_scandens_A;upper_bract_shape;greenhouse;3;0,000494279942909181;88,3333333333333;0,000312610084266201;Dalechampia_scandens_A_upper_bract_shape;2682,584;floral;shape;M;ratio;0,018
Hansen_et_al._2003_Dalechampia_scandens_A_greenhouse;Dalechampia_scandens_A;upper_bract_width;greenhouse;3;0,0176734847716375;19,57;0,0111776932141351;Dalechampia_scandens_A_upper_bract_width;2682,584;floral;flowersize;M;linear;0,314
Herlihy_and_Eckert_2007_Aquilegia_canadensis_field;Aquilegia_canadensis;mean_magnitude;field;5;0,0908647928131932;3,04;0,0485692747467383;Aquilegia_canadensis_mean_magnitude;15,562;floral;herkogamy;M;linear;11,402
Herlihy_and_Eckert_2007_Aquilegia_canadensis_field;Aquilegia_canadensis;pistil_length;field;5;0,00220094214910157;22,18;0,00117645306429257;Aquilegia_canadensis_pistil_length;15,562;floral;fit;M;linear;0,44
Herlihy_and_Eckert_2007_Aquilegia_canadensis_field;Aquilegia_canadensis;spur_length;field;5;0,000229802085028917;28,64;0,000122834381277786;Aquilegia_canadensis_spur_length;15,562;floral;fit;M;linear;0,595
Lankinen_etal_2017_Collinsia_heterophylla_greenhouse;Collinsia_heterophylla;day_of_first_flowering;greenhouse;20;0,0995194179211944;19,429;0,0300062335090157;Collinsia_heterophylla_day_of_first_flowering;735,682;lifehistory;flowering;M;time;12,38
Lankinen_etal_2017_Collinsia_heterophylla_greenhouse;Collinsia_heterophylla;keel_length;greenhouse;13;0,00324749716336532;18,0676923076923;0,00118581830120615;Collinsia_heterophylla_keel_length;735,682;floral;flowersize;M;linear;1,07
Lankinen_etal_2017_Collinsia_heterophylla_greenhouse;Collinsia_heterophylla;stage_of_anther_stigma_contact;greenhouse;13;0,00798228985800917;3,11846153846154;0,00291472014385089;Collinsia_heterophylla_stage_of_anther_stigma_contact;735,682;floral;ontogeny;M;time;2,128
Lankinen_etal_2017_Collinsia_heterophylla_greenhouse;Collinsia_heterophylla;stage_of_stigma_receptivity;greenhouse;12;0,0231753077869797;2,8925;0,00875944299453244;Collinsia_heterophylla_stage_of_stigma_receptivity;735,682;floral;ontogeny;M;time;NA
Mcgoey_&_Stinchcombe_2018_Ambrosia_artemisiifolia_common_garden;Ambrosia_artemisiifolia;branch_number;common_garden;6;0,00297672968490139;13,0266666666667;0,00148836484245069;Ambrosia_artemisiifolia_branch_number;540;vegetative;plant_size;O;count;8,94495165133333
Mcgoey_&_Stinchcombe_2018_Ambrosia_artemisiifolia_common_garden;Ambrosia_artemisiifolia;days_to_flower;common_garden;6;0,00867918808894707;58,7433333333333;0,00433959404447353;Ambrosia_artemisiifolia_days_to_flower;540;lifehistory;flowering;O;time;0,685809358666667
Mcgoey_&_Stinchcombe_2018_Ambrosia_artemisiifolia_common_garden;Ambrosia_artemisiifolia;early_height;common_garden;6;0,0431633820742167;4,43166666666667;0,0215816910371083;Ambrosia_artemisiifolia_early_height;540;vegetative;growth;O;linear;15,3589957443333
Mcgoey_&_Stinchcombe_2018_Ambrosia_artemisiifolia_common_garden;Ambrosia_artemisiifolia;final_height;common_garden;6;0,00586795568776684;65,835;0,00293397784388342;Ambrosia_artemisiifolia_final_height;540;vegetative;plant_size;O;linear;4,5762731435
Opedal_et_al._Costa_Rica_Dalechampia_scandens_A_field;Dalechampia_scandens_A;gland_anther_distance;field;15;0,0123947940245183;5,16533333333333;0,00425137927667543;Dalechampia_scandens_A_gland_anther_distance;159,213;floral;fit;M;linear;0,12
Opedal_et_al._Costa_Rica_Dalechampia_scandens_A_field;Dalechampia_scandens_A;gland_area;field;15;0,0440382950141341;23,9033333333333;0,0151050105740248;Dalechampia_scandens_A_gland_area;159,213;floral;reward;M;area;0,716
Opedal_et_al._Costa_Rica_Dalechampia_scandens_A_field;Dalechampia_scandens_A;gland_heigth;field;15;0,0127367888630068;3,318;0,00436868253852908;Dalechampia_scandens_A_gland_heigth;159,213;floral;reward;M;linear;0,305
Opedal_et_al._Costa_Rica_Dalechampia_scandens_A_field;Dalechampia_scandens_A;gland_ratio;field;15;0,00243200019643715;47,066;0,00083416918551055;Dalechampia_scandens_A_gland_ratio;159,213;floral;shape;M;ratio;0,18
Opedal_et_al._Costa_Rica_Dalechampia_scandens_A_field;Dalechampia_scandens_A;gland_stigma_distance;field;15;0,00266585741435943;4,98066666666667;0,000914381549508617;Dalechampia_scandens_A_gland_stigma_distance;159,213;floral;fit;M;linear;0,478
Opedal_et_al._Costa_Rica_Dalechampia_scandens_A_field;Dalechampia_scandens_A;gland_width;field;15;0,0103846839310709;7,06;0,00356191720266161;Dalechampia_scandens_A_gland_width;159,213;floral;reward;M;linear;0,105
Opedal_et_al._Costa_Rica_Dalechampia_scandens_A_field;Dalechampia_scandens_A;GSD_shape;field;15;0,00252322731297138;84,798;0,000865459828335051;Dalechampia_scandens_A_GSD_shape;159,213;floral;shape;M;ratio;0,047
Opedal_et_al._Costa_Rica_Dalechampia_scandens_A_field;Dalechampia_scandens_A;lower_bract_length;field;15;0,0101522042619826;20,3613333333333;0,00348217733401551;Dalechampia_scandens_A_lower_bract_length;159,213;floral;peduncle;M;linear;0,28
Opedal_et_al._Costa_Rica_Dalechampia_scandens_A_field;Dalechampia_scandens_A;lower_bract_ratio;field;15;0,00358409856560022;101,714666666667;0,00122933566602347;Dalechampia_scandens_A_lower_bract_ratio;159,213;floral;shape;M;ratio;0,058
Opedal_et_al._Costa_Rica_Dalechampia_scandens_A_field;Dalechampia_scandens_A;lower_bract_width;field;15;0,00673970268569831;20,0906666666667;0,00231169894975686;Dalechampia_scandens_A_lower_bract_width;159,213;floral;flowersize;M;linear;0,342
Opedal_et_al._Costa_Rica_Dalechampia_scandens_A_field;Dalechampia_scandens_A;mean_magnitude;field;15;0,0905097435181453;3,952;0,0310445859099465;Dalechampia_scandens_A_mean_magnitude;159,213;floral;herkogamy;M;linear;1,908
Opedal_et_al._Costa_Rica_Dalechampia_scandens_A_field;Dalechampia_scandens_A;upper_bract_length;field;15;0,0107844273781005;19,3986666666667;0,00369902807383273;Dalechampia_scandens_A_upper_bract_length;159,213;floral;flowersize;M;linear;0,253
Opedal_et_al._Costa_Rica_Dalechampia_scandens_A_field;Dalechampia_scandens_A;upper_bract_ratio;field;15;0,00272517166762593;100,022666666667;0,000934726170536597;Dalechampia_scandens_A_upper_bract_ratio;159,213;floral;shape;M;ratio;0,102
Opedal_et_al._Costa_Rica_Dalechampia_scandens_A_field;Dalechampia_scandens_A;upper_bract_width;field;15;0,00634464457121348;19,406;0,00217619513439042;Dalechampia_scandens_A_upper_bract_width;159,213;floral;flowersize;M;linear;0,314
Opedal_et_al._Costa_Rica_Dalechampia_scandens_A_greenhouse;Dalechampia_scandens_A;gland_anther_distance;greenhouse;12;0,00782801331029896;6,4375;0,00295871092553636;Dalechampia_scandens_A_gland_anther_distance;89,733;floral;fit;M;linear;0,12
Opedal_et_al._Costa_Rica_Dalechampia_scandens_A_greenhouse;Dalechampia_scandens_A;gland_area;greenhouse;12;0,0396849249008734;26,7283333333333;0,0149994917265694;Dalechampia_scandens_A_gland_area;89,733;floral;reward;M;area;0,716
Opedal_et_al._Costa_Rica_Dalechampia_scandens_A_greenhouse;Dalechampia_scandens_A;gland_heigth;greenhouse;12;0,0150385709823952;3,59;0,00568404555617286;Dalechampia_scandens_A_gland_heigth;89,733;floral;reward;M;linear;0,305
Opedal_et_al._Costa_Rica_Dalechampia_scandens_A_greenhouse;Dalechampia_scandens_A;gland_ratio;greenhouse;12;0,00726754106800449;49,085;0,00274687232984123;Dalechampia_scandens_A_gland_ratio;89,733;floral;shape;M;ratio;0,18
Opedal_et_al._Costa_Rica_Dalechampia_scandens_A_greenhouse;Dalechampia_scandens_A;gland_stigma_distance;greenhouse;12;0,0132761144647047;6,0225;0,0050178996072623;Dalechampia_scandens_A_gland_stigma_distance;89,733;floral;fit;M;linear;0,478
Opedal_et_al._Costa_Rica_Dalechampia_scandens_A_greenhouse;Dalechampia_scandens_A;gland_width;greenhouse;12;0,0085501401055502;7,30666666666667;0,00323164919914934;Dalechampia_scandens_A_gland_width;89,733;floral;reward;M;linear;0,105
Opedal_et_al._Costa_Rica_Dalechampia_scandens_A_greenhouse;Dalechampia_scandens_A;GSD_shape;greenhouse;12;0,000565536872794327;89,9266666666667;0,000213752846092994;Dalechampia_scandens_A_GSD_shape;89,733;floral;shape;M;ratio;0,047
Opedal_et_al._Costa_Rica_Dalechampia_scandens_A_greenhouse;Dalechampia_scandens_A;lower_bract_length;greenhouse;12;0,0115260081835932;27,0683333333333;0,00435642160901185;Dalechampia_scandens_A_lower_bract_length;89,733;floral;peduncle;M;linear;0,28
Opedal_et_al._Costa_Rica_Dalechampia_scandens_A_greenhouse;Dalechampia_scandens_A;lower_bract_ratio;greenhouse;12;0,0017116336684965;115,084166666667;0,000646936717498131;Dalechampia_scandens_A_lower_bract_ratio;89,733;floral;shape;M;ratio;0,058
Opedal_et_al._Costa_Rica_Dalechampia_scandens_A_greenhouse;Dalechampia_scandens_A;lower_bract_width;greenhouse;12;0,0110636166875483;23,6425;0,0041816540508853;Dalechampia_scandens_A_lower_bract_width;89,733;floral;flowersize;M;linear;0,342
Opedal_et_al._Costa_Rica_Dalechampia_scandens_A_greenhouse;Dalechampia_scandens_A;mean_magnitude;greenhouse;12;0,12465108515478;3,7925;0,0471136817105549;Dalechampia_scandens_A_mean_magnitude;89,733;floral;herkogamy;M;linear;1,908
Opedal_et_al._Costa_Rica_Dalechampia_scandens_A_greenhouse;Dalechampia_scandens_A;SL_shape;greenhouse;12;0,000239892126918235;100,566666666667;9,06707013297135e-05;Dalechampia_scandens_A_SL_shape;89,733;floral;shape;M;ratio;0,008
Opedal_et_al._Costa_Rica_Dalechampia_scandens_A_greenhouse;Dalechampia_scandens_A;stigma_width;greenhouse;12;0,00924862828267253;1,57416666666667;0,00349565291491856;Dalechampia_scandens_A_stigma_width;89,733;floral;female;M;linear;0,329
Opedal_et_al._Costa_Rica_Dalechampia_scandens_A_greenhouse;Dalechampia_scandens_A;style_length;greenhouse;12;0,0151595945688761;7,68083333333333;0,00572978817225882;Dalechampia_scandens_A_style_length;89,733;floral;fit;M;linear;0,483
Opedal_et_al._Costa_Rica_Dalechampia_scandens_A_greenhouse;Dalechampia_scandens_A;SW_shape;greenhouse;12;0,00157301731467012;96,1533333333333;0,000594544660373683;Dalechampia_scandens_A_SW_shape;89,733;floral;shape;M;ratio;0,008
Opedal_et_al._Costa_Rica_Dalechampia_scandens_A_greenhouse;Dalechampia_scandens_A;upper_bract_length;greenhouse;12;0,0103278738333357;26,1758333333333;0,00390356939072251;Dalechampia_scandens_A_upper_bract_length;89,733;floral;flowersize;M;linear;0,253
Opedal_et_al._Costa_Rica_Dalechampia_scandens_A_greenhouse;Dalechampia_scandens_A;upper_bract_ratio;greenhouse;12;0,00137019640755435;112,445833333333;0,000517885563100417;Dalechampia_scandens_A_upper_bract_ratio;89,733;floral;shape;M;ratio;0,102
Opedal_et_al._Costa_Rica_Dalechampia_scandens_A_greenhouse;Dalechampia_scandens_A;upper_bract_width;greenhouse;12;0,00938547825065181;23,3333333333333;0,00354737734094718;Dalechampia_scandens_A_upper_bract_width;89,733;floral;flowersize;M;linear;0,314
Podolsky_et_al._1997_Clarkia_dudleyana_greenhouse;Clarkia_dudleyana;claw_width;greenhouse;11;0,000470052110913119;1,05363636363636;0,000184369606611652;Clarkia_dudleyana_claw_width;11,3;floral;flowersize;O;linear;0,365
Podolsky_et_al._1997_Clarkia_dudleyana_greenhouse;Clarkia_dudleyana;hypanthium_length;greenhouse;11;0,00508701575653457;2,69909090909091;0,00199529173911721;Clarkia_dudleyana_hypanthium_length;11,3;floral;flowersize;O;linear;1,9945
Podolsky_et_al._1997_Clarkia_dudleyana_greenhouse;Clarkia_dudleyana;leaf_length;greenhouse;11;0,00409985666981393;79,0636363636364;0,00160809608940883;Clarkia_dudleyana_leaf_length;11,3;vegetative;leaf_size;O;linear;NA
Podolsky_et_al._1997_Clarkia_dudleyana_greenhouse;Clarkia_dudleyana;leaf_width;greenhouse;11;0,00780796209009572;15,8763636363636;0,00306253469683006;Clarkia_dudleyana_leaf_width;11,3;vegetative;leaf_size;O;linear;NA
Podolsky_et_al._1997_Clarkia_dudleyana_greenhouse;Clarkia_dudleyana;ovary_length;greenhouse;11;0,00385301003615965;19,5454545454545;0,00151127487388053;Clarkia_dudleyana_ovary_length;11,3;floral;female;O;linear;0,7175
Podolsky_et_al._1997_Clarkia_dudleyana_greenhouse;Clarkia_dudleyana;petal_length;greenhouse;11;0,00372513331833425;17,0436363636364;0,00146111749853238;Clarkia_dudleyana_petal_length;11,3;floral;flowersize;O;linear;0,2245
Puentes_et_al._2016_Arabidopsis_lyrata_common_garden;Arabidopsis_lyrata;number_of_flowers;common_garden;4;0,0786705511774553;26,675;0,0454204638996;Arabidopsis_lyrata_number_of_flowers;570,992;floral;display;O;count;11,60425
Puentes_et_al._2016_Arabidopsis_lyrata_common_garden;Arabidopsis_lyrata;petal_length;common_garden;4;0,00279569214138164;3,05;0,00161409361039801;Arabidopsis_lyrata_petal_length;570,992;floral;flowersize;O;linear;0,6755
Puentes_et_al._2016_Arabidopsis_lyrata_common_garden;Arabidopsis_lyrata;petal_width;common_garden;4;0,00154136304306375;3,1325;0,000889906367831794;Arabidopsis_lyrata_petal_width;570,992;floral;flowersize;O;linear;0,88575
Puentes_et_al._2016_Arabidopsis_lyrata_common_garden;Arabidopsis_lyrata;rosette_size;common_garden;4;0,25342096901602;6,45;0,146312664679695;Arabidopsis_lyrata_rosette_size;570,992;vegetative;rosette_size;O;area;14,21925
Venable_&_Burquez_1989_Heterosperma_pinnatum_greenhouse;Heterosperma_pinnatum;achenes_per_head;greenhouse;6;0,0113356191619413;11,785;0,00566780958097063;Heterosperma_pinnatum_achenes_per_head;438,413;floral;fecundity;S;count;1,748
Venable_&_Burquez_1989_Heterosperma_pinnatum_greenhouse;Heterosperma_pinnatum;adult_height;greenhouse;6;0,0245975801742983;24,8716666666667;0,0122987900871491;Heterosperma_pinnatum_adult_height;438,413;vegetative;plant_size;S;linear;5,901
Venable_&_Burquez_1989_Heterosperma_pinnatum_greenhouse;Heterosperma_pinnatum;awn_length_central;greenhouse;6;0,00610959680290808;2,29666666666667;0,00305479840145404;Heterosperma_pinnatum_awn_length_central;438,413;floral;flowersize;S;linear;0,189
Venable_&_Burquez_1989_Heterosperma_pinnatum_greenhouse;Heterosperma_pinnatum;awned_achenes_per_head;greenhouse;6;0,23600879746648;5,025;0,11800439873324;Heterosperma_pinnatum_awned_achenes_per_head;438,413;floral;inflorescence;S;count;27,978
Venable_&_Burquez_1989_Heterosperma_pinnatum_greenhouse;Heterosperma_pinnatum;branch_height_over_soil;greenhouse;6;0,255660025887364;7,91166666666667;0,127830012943682;Heterosperma_pinnatum_branch_height_over_soil;438,413;vegetative;plant_size;S;linear;47,275
Venable_&_Burquez_1989_Heterosperma_pinnatum_greenhouse;Heterosperma_pinnatum;branch_length;greenhouse;6;0,0417569127464838;8,015;0,0208784563732419;Heterosperma_pinnatum_branch_length;438,413;vegetative;plant_size;S;linear;4,307
Venable_&_Burquez_1989_Heterosperma_pinnatum_greenhouse;Heterosperma_pinnatum;branch_length_over_height;greenhouse;6;0,0271835568272971;0,341666666666667;0,0135917784136485;Heterosperma_pinnatum_branch_length_over_height;438,413;vegetative;shape;S;ratio;8,651
Venable_&_Burquez_1989_Heterosperma_pinnatum_greenhouse;Heterosperma_pinnatum;branch_number;greenhouse;6;0,0488830106993557;2,32;0,0244415053496778;Heterosperma_pinnatum_branch_number;438,413;vegetative;plant_size;S;count;7,957
Venable_&_Burquez_1989_Heterosperma_pinnatum_greenhouse;Heterosperma_pinnatum;central_achene_length;greenhouse;6;0,0143059774257329;11,0283333333333;0,00715298871286644;Heterosperma_pinnatum_central_achene_length;438,413;floral;flowersize;S;linear;0,891
Venable_&_Burquez_1989_Heterosperma_pinnatum_greenhouse;Heterosperma_pinnatum;central_achenes_per_head;greenhouse;6;0,104376856746962;3,15833333333333;0,052188428373481;Heterosperma_pinnatum_central_achenes_per_head;438,413;floral;inflorescence;S;count;12,987
Venable_&_Burquez_1989_Heterosperma_pinnatum_greenhouse;Heterosperma_pinnatum;heads_per_plant;greenhouse;6;0,09331141735043;7,46666666666667;0,046655708675215;Heterosperma_pinnatum_heads_per_plant;438,413;floral;display;S;count;12,03
Venable_&_Burquez_1989_Heterosperma_pinnatum_greenhouse;Heterosperma_pinnatum;intermediate_achenes_per_head;greenhouse;6;0,0415044665258869;2,91833333333333;0,0207522332629434;Heterosperma_pinnatum_intermediate_achenes_per_head;438,413;floral;inflorescence;S;count;9,069
Venable_&_Burquez_1989_Heterosperma_pinnatum_greenhouse;Heterosperma_pinnatum;peripheral_achene_length;greenhouse;6;0,00221494021139382;4,80333333333333;0,00110747010569691;Heterosperma_pinnatum_peripheral_achene_length;438,413;floral;flowersize;S;linear;0,61
Venable_&_Burquez_1989_Heterosperma_pinnatum_greenhouse;Heterosperma_pinnatum;peripheral_achene_width;greenhouse;6;0,00658003480274287;3,07833333333333;0,00329001740137143;Heterosperma_pinnatum_peripheral_achene_width;438,413;floral;flowersize;S;linear;0,62
Venable_&_Burquez_1989_Heterosperma_pinnatum_greenhouse;Heterosperma_pinnatum;peripheral_achenes_per_head;greenhouse;6;0,115300052361114;5,71166666666667;0,0576500261805571;Heterosperma_pinnatum_peripheral_achenes_per_head;438,413;floral;inflorescence;S;count;6,166
Venable_&_Burquez_1989_Heterosperma_pinnatum_greenhouse;Heterosperma_pinnatum;seedling_height_3_weeks;greenhouse;6;0,0152375887163787;5,03833333333333;0,00761879435818933;Heterosperma_pinnatum_seedling_height_3_weeks;438,413;vegetative;growth;S;linear;2,44
Venable_&_Burquez_1989_Heterosperma_pinnatum_greenhouse;Heterosperma_pinnatum;seedling_width_3_weeks;greenhouse;6;0,0120558660136459;3,455;0,00602793300682296;Heterosperma_pinnatum_seedling_width_3_weeks;438,413;vegetative;growth;S;linear;2,394
Walter_et_al_2018_Senecio_pinnatifolius_greenhouse;Senecio_pinnatifolius;circularity;greenhouse;16;0,521783772428853;38,911875;0,173927924142951;Senecio_pinnatifolius_circularity;607,881;vegetative;shape;O;NA;1,33460817525
Walter_et_al_2018_Senecio_pinnatifolius_greenhouse;Senecio_pinnatifolius;height;greenhouse;16;0,369483176537058;323,7575;0,123161058845686;Senecio_pinnatifolius_height;607,881;vegetative;plant_size;O;linear;2,10315806375
Walter_et_al_2018_Senecio_pinnatifolius_greenhouse;Senecio_pinnatifolius;indent_depth;greenhouse;16;0,175897202887429;1,439375;0,0586324009624764;Senecio_pinnatifolius_indent_depth;607,881;vegetative;leaf_size;O;linear;2,3411575255
Walter_et_al_2018_Senecio_pinnatifolius_greenhouse;Senecio_pinnatifolius;indent_width;greenhouse;16;0,0883681148183653;6,368125;0,0294560382727884;Senecio_pinnatifolius_indent_width;607,881;vegetative;leaf_size;O;linear;0,98981065175
Walter_et_al_2018_Senecio_pinnatifolius_greenhouse;Senecio_pinnatifolius;leaf_area;greenhouse;16;0,543849099358149;680,3725;0,181283033119383;Senecio_pinnatifolius_leaf_area;607,881;vegetative;leaf_size;O;area;4,12733024525
Walter_et_al_2018_Senecio_pinnatifolius_greenhouse;Senecio_pinnatifolius;number_of_branches;greenhouse;16;0,0456751300649754;19,155;0,0152250433549918;Senecio_pinnatifolius_number_of_branches;607,881;vegetative;plant_size;O;count;0,50135714425
Walter_et_al_2018_Senecio_pinnatifolius_greenhouse;Senecio_pinnatifolius;number_of_indents;greenhouse;16;0,192509529054406;0,118125;0,0641698430181355;Senecio_pinnatifolius_number_of_indents;607,881;vegetative;shape;O;count;2,35096892375
Walter_et_al_2018_Senecio_pinnatifolius_greenhouse;Senecio_pinnatifolius;perimeter_over_area;greenhouse;16;3,81543773796604;2,024375;1,27181257932201;Senecio_pinnatifolius_perimeter_over_area;607,881;vegetative;shape;O;ratio;5,51429597325
Walter_et_al_2018_Senecio_pinnatifolius_greenhouse;Senecio_pinnatifolius;stem_diameter;greenhouse;16;0,110107392803254;4,74375;0,0367024642677515;Senecio_pinnatifolius_stem_diameter;607,881;vegetative;plant_size;O;linear;0,73392510775
Walter_et_al_2018_Senecio_pinnatifolius_greenhouse;Senecio_pinnatifolius;stem_length_over_width;greenhouse;16;0,367116760960249;0,440625;0,122372253653416;Senecio_pinnatifolius_stem_length_over_width;607,881;vegetative;shape;O;ratio;5,12058594875
Widen_&_Andersson_1993_Senecio_integrifolius_common_garden;Senecio_integrifolius;corolla_tube_length_90;common_garden;2;0,000482312012725132;3,22;0,000341046094845673;Senecio_integrifolius_corolla_tube_length_90;72,867;floral;fit;O;linear;1,558669171
Widen_&_Andersson_1993_Senecio_integrifolius_common_garden;Senecio_integrifolius;days_from_flowering_to_seed_dispersal_90;common_garden;2;0,000548108191840976;51,35;0,000387571019274651;Senecio_integrifolius_days_from_flowering_to_seed_dispersal_90;72,867;lifehistory;seed_maturation;O;time;0,831276052
Widen_&_Andersson_1993_Senecio_integrifolius_common_garden;Senecio_integrifolius;diameter_of_leaf_rosette_in_December_88;common_garden;2;0,00141748916317201;13,15;0,00100231619953737;Senecio_integrifolius_diameter_of_leaf_rosette_in_December_88;72,867;vegetative;leaf_size;O;linear;1,1063948695
Widen_&_Andersson_1993_Senecio_integrifolius_common_garden;Senecio_integrifolius;diameter_of_leaf_rosette_in_September_88;common_garden;2;0,00226941309515211;6,385;0,00160471738889561;Senecio_integrifolius_diameter_of_leaf_rosette_in_September_88;72,867;vegetative;leaf_size;O;linear;8,69300191
Widen_&_Andersson_1993_Senecio_integrifolius_common_garden;Senecio_integrifolius;involucre_length_89;common_garden;2;0,000107958903664984;6,125;7,63384728709753e-05;Senecio_integrifolius_involucre_length_89;72,867;floral;flowersize;O;linear;0,3072276125
Widen_&_Andersson_1993_Senecio_integrifolius_common_garden;Senecio_integrifolius;ligule_length_89;common_garden;2;0;8,8;0;Senecio_integrifolius_ligule_length_89;72,867;floral;flowersize;O;linear;0,7215160125
Widen_&_Andersson_1993_Senecio_integrifolius_common_garden;Senecio_integrifolius;ligule_length_90;common_garden;2;0,00293632566518639;11,75;0,0020762957896254;Senecio_integrifolius_ligule_length_90;72,867;floral;flowersize;O;linear;0,914583166
Widen_&_Andersson_1993_Senecio_integrifolius_common_garden;Senecio_integrifolius;ligule_length_width_ratio_89;common_garden;2;0;3;0;Senecio_integrifolius_ligule_length_width_ratio_89;72,867;floral;shape;O;ratio;2,537027778
Widen_&_Andersson_1993_Senecio_integrifolius_common_garden;Senecio_integrifolius;ligule_length_width_ratio_90;common_garden;2;0,00454201518716636;3,15;0,00321168973909762;Senecio_integrifolius_ligule_length_width_ratio_90;72,867;floral;shape;O;ratio;2,5188710285
Widen_&_Andersson_1993_Senecio_integrifolius_common_garden;Senecio_integrifolius;ligule_width_89;common_garden;2;0,000276842154185573;2,975;0,00019575696454291;Senecio_integrifolius_ligule_width_89;72,867;floral;flowersize;O;linear;0,5579108465
Widen_&_Andersson_1993_Senecio_integrifolius_common_garden;Senecio_integrifolius;ligule_width_90;common_garden;2;0;3,81;0;Senecio_integrifolius_ligule_width_90;72,867;floral;flowersize;O;linear;0,4867009735
Widen_&_Andersson_1993_Senecio_integrifolius_common_garden;Senecio_integrifolius;maximum_leaf_length_in_October_89;common_garden;2;0,000526023556591572;9,25;0,000371954823929767;Senecio_integrifolius_maximum_leaf_length_in_October_89;72,867;vegetative;leaf_size;O;linear;0,8284868975
Widen_&_Andersson_1993_Senecio_integrifolius_common_garden;Senecio_integrifolius;no_days_to_germination_90;common_garden;2;0,00117111258369637;12,4;0,000828101649464603;Senecio_integrifolius_no_days_to_germination_90;72,867;lifehistory;germination;O;time;0,580427501
Widen_&_Andersson_1993_Senecio_integrifolius_common_garden;Senecio_integrifolius;no_of_florets_per_head_89;common_garden;2;0,00245096613870268;101,45;0,00173309477713527;Senecio_integrifolius_no_of_florets_per_head_89;72,867;floral;display;O;count;1,373654157
Widen_&_Andersson_1993_Senecio_integrifolius_common_garden;Senecio_integrifolius;no_of_florets_per_head_90;common_garden;2;0,00366336749480154;92,35;0,00259039199755255;Senecio_integrifolius_no_of_florets_per_head_90;72,867;floral;display;O;count;2,1252636965
Widen_&_Andersson_1993_Senecio_integrifolius_common_garden;Senecio_integrifolius;no_of_nodes_on_main_stem_90;common_garden;2;7,34636905775445e-05;8,25;5,1946673778372e-05;Senecio_integrifolius_no_of_nodes_on_main_stem_90;72,867;vegetative;plant_size;O;count;1,799159694
Widen_&_Andersson_1993_Senecio_integrifolius_common_garden;Senecio_integrifolius;pappus_length_89;common_garden;2;0,00241015875267266;6,34;0,00170423959775095;Senecio_integrifolius_pappus_length_89;72,867;floral;flowersize;O;linear;1,5047577855
Widen_&_Andersson_1993_Senecio_integrifolius_common_garden;Senecio_integrifolius;pappus_length_90;common_garden;2;0,00117172237941462;6,405;0,000828532840152117;Senecio_integrifolius_pappus_length_90;72,867;floral;flowersize;O;linear;3,441912753
Widen_&_Andersson_1993_Senecio_integrifolius_common_garden;Senecio_integrifolius;seed_length_89;common_garden;2;0;2,5;0;Senecio_integrifolius_seed_length_89;72,867;floral;fitness;O;linear;2,318688
Widen_&_Andersson_1993_Senecio_integrifolius_common_garden;Senecio_integrifolius;seed_length_90;common_garden;2;0,000318700019228693;3,565;0,000225354944760892;Senecio_integrifolius_seed_length_90;72,867;floral;fitness;O;linear;1,322004305
Widen_&_Andersson_1993_Senecio_integrifolius_common_garden;Senecio_integrifolius;seed_weight_90;common_garden;2;0,0125415095465477;69,6;0,00886818644667968;Senecio_integrifolius_seed_weight_90;72,867;floral;fitness;O;mass_volume;2,2365289535
Widen_&_Andersson_1993_Senecio_integrifolius_common_garden;Senecio_integrifolius;seed_width_90;common_garden;2;0,00222386971626108;0,9;0,00157251335684361;Senecio_integrifolius_seed_width_90;72,867;floral;fitness;O;linear;0,5257657305
Widen_&_Andersson_1993_Senecio_integrifolius_common_garden;Senecio_integrifolius;stem_height_89;common_garden;2;0,00871153442987013;17,45;0,00615998506990125;Senecio_integrifolius_stem_height_89;72,867;vegetative;plant_size;O;linear;2,0712828265
Widen_&_Andersson_1993_Senecio_integrifolius_common_garden;Senecio_integrifolius;stem_height_90;common_garden;2;0,00764020505492755;32,4;0,00540244080399501;Senecio_integrifolius_stem_height_90;72,867;vegetative;plant_size;O;linear;3,7628973645
Widen_&_Andersson_1993_Senecio_integrifolius_common_garden;Senecio_integrifolius;stylar_exsertion_90;common_garden;2;0,000181416865820796;1,05;0,000128281096043495;Senecio_integrifolius_stylar_exsertion_90;72,867;floral;fit;O;linear;14,948779586
Widen_&_Andersson_1993_Senecio_integrifolius_common_garden;Senecio_integrifolius;style_length_90;common_garden;2;0,000394942542372235;4,27;0,000279266549890463;Senecio_integrifolius_style_length_90;72,867;floral;fit;O;linear;0,3794213985
Widen_et_al_2002_Brassica_cretica_greenhouse;Brassica_cretica;flowering_time;greenhouse;5;0,119351622217207;153,17;0,0637961255560663;Brassica_cretica_flowering_time;222,207;lifehistory;flowering;O;time;3,6896960438
Widen_et_al_2002_Brassica_cretica_greenhouse;Brassica_cretica;internode_length;greenhouse;5;0,209703180222653;6,294;0,112091064758583;Brassica_cretica_internode_length;222,207;vegetative;plant_size;O;ratio;5,2649260764
Widen_et_al_2002_Brassica_cretica_greenhouse;Brassica_cretica;leaf_dissection;greenhouse;5;0,0740356107467336;11,936;0,0395736985478337;Brassica_cretica_leaf_dissection;222,207;vegetative;shape;O;ratio;0,8367409814
Widen_et_al_2002_Brassica_cretica_greenhouse;Brassica_cretica;leaf_length;greenhouse;5;0,0192137082966399;18,724;0,0102701590822061;Brassica_cretica_leaf_length;222,207;vegetative;leaf_size;O;linear;0,4318509248
Widen_et_al_2002_Brassica_cretica_greenhouse;Brassica_cretica;node_number;greenhouse;5;0,0715807466485387;50,39;0,0382615184926141;Brassica_cretica_node_number;222,207;vegetative;plant_size;O;count;1,389534271
Widen_et_al_2002_Brassica_cretica_greenhouse;Brassica_cretica;number_of_lateral_racemes;greenhouse;5;0,101779191811172;4,538;0,0544032664085932;Brassica_cretica_number_of_lateral_racemes;222,207;floral;display;O;count;8,8154710024
Widen_et_al_2002_Brassica_cretica_greenhouse;Brassica_cretica;petal_size;greenhouse;5;0,0144808453997075;18,914;0,00774033745093529;Brassica_cretica_petal_size;222,207;floral;flowersize;O;linear;0,3736399396
Worley_&_Barrett_2001_Eichhornia_paniculata_greenhouse;Eichhornia_paniculata;flower_area;greenhouse;2;0,0058085824056017;5,665;0,00410728800808183;Eichhornia_paniculata_flower_area;47,849;floral;flowersize;M;area;1,0125
Worley_&_Barrett_2001_Eichhornia_paniculata_greenhouse;Eichhornia_paniculata;flowering_age;greenhouse;2;0,00853081602733361;23;0,00603219786198248;Eichhornia_paniculata_flowering_age;47,849;lifehistory;flowering;M;time;7,274
Worley_&_Barrett_2001_Eichhornia_paniculata_greenhouse;Eichhornia_paniculata;leaf_area;greenhouse;2;0,0114879450799427;30,075;0,00812320386792614;Eichhornia_paniculata_leaf_area;47,849;vegetative;leaf_size;M;area;5,30125
